{
  "images" : [
    {
      "idiom" : "universal",
      "scale" : "1x",
      "filename" : "ratingInactive.png"
    },
    {
      "idiom" : "universal",
      "scale" : "2x",
      "filename" : "ratingInactive@2x.png"
    },
    {
      "heightClass" : "compact",
      "idiom" : "universal",
      "filename" : "ratingInactiveCompact.png",
      "scale" : "1x"
    },
    {
      "heightClass" : "compact",
      "idiom" : "universal",
      "filename" : "ratingInactiveCompact@2x.png",
      "scale" : "2x"
    }
  ],
  "info" : {
    "version" : 1,
    "author" : "xcode"
  }
}