{
    "delayResults" : 1,
    "results" : {
        "name" : "Oncilla",
        "uniqueID" : "oncilla",
        "shortDescription" : "The Oncilla is also know as the tiger cat.",
        "conservationStatus" : "Vulnerable",
        "kingdom" : "Animalia",
        "phylum" : "Chordata",
        "class" : "Mammalia",
        "order" : "Carnivora",
        "family" : "Felidae",
        "genus" : "Leopardus",
        "species" : "L. tigrinus",
        "description" : "Praesent pellentesque lorem vitae sem rhoncus condimentum. Fusce fringilla felis at bibendum ornare. Mauris venenatis tempor diam, nec bibendum nunc imperdiet in. Mauris non elit odio. Mauris dictum accumsan augue, vitae bibendum eros adipiscing nec. Vestibulum bibendum ut mi ut laoreet. Pellentesque quis mauris ut nisi scelerisque luctus id id arcu. Donec euismod scelerisque ligula, hendrerit vestibulum orci. Suspendisse magna felis, cursus et orci ac, venenatis consequat ipsum. Nam non ante purus.\n\nSuspendisse nec elementum lorem. Quisque id est nec est condimentum laoreet. Etiam interdum turpis eu elit rutrum, at aliquam odio ultrices. Donec vitae erat ullamcorper, convallis nunc in, sodales dui. Aenean vel posuere eros. Nulla ultrices congue quam, vel tempor ante rutrum eu. Morbi egestas nisi quam, accumsan pellentesque lectus rutrum eu. Vivamus placerat adipiscing justo. In sagittis quam vitae massa pharetra auctor.\n\nIn hac habitasse platea dictumst. In sed porta tortor. Mauris id pellentesque ligula. Quisque in vestibulum ligula. Cras id mollis mi, id pellentesque nulla. Aliquam erat volutpat. Etiam vehicula lectus dictum auctor gravida. Etiam gravida, enim ac dignissim cursus, libero libero sagittis lorem, nec fringilla libero nunc cursus odio. Aenean bibendum quam diam, sit amet cursus sem ullamcorper ut.",
        "habitat" : "Lorem ipsum dolor sit amet, consectetur adipisicing elit, sed do eiusmod tempor incididunt ut labore et dolore magna aliqua. Ut enim ad minim veniam, quis nostrud exercitation ullamco laboris nisi ut aliquip ex ea commodo consequat. Duis aute irure dolor in reprehenderit in voluptate velit esse cillum dolore eu fugiat nulla pariatur. Excepteur sint occaecat cupidatat non proident, sunt in culpa qui officia deserunt mollit anim id est laborum."
    }
}