{
    "delayResults" : 1,
    "results" : {
        "name" : "Lion",
        "uniqueID" : "lion",
        "shortDescription" : "The male lion is easily recognised by its mane.",
        "conservationStatus" : "Vulnerable",
        "kingdom" : "Animalia",
        "phylum" : "Chordata",
        "class" : "Mammalia",
        "order" : "Carnivora",
        "family" : "Felidae",
        "genus" : "Panthera",
        "species" : "P. leo",
        "description" : "Morbi convallis ornare est, eget scelerisque nisl tempor a. Nulla nulla turpis, gravida quis semper volutpat, imperdiet id nulla. Ut semper quam odio, sit amet mollis orci luctus vitae. Phasellus condimentum egestas risus nec egestas. Ut luctus felis feugiat justo interdum, quis viverra enim egestas. Nulla vitae quam vitae libero vehicula accumsan. Vestibulum tempor erat sit amet urna imperdiet, id ullamcorper dui tristique. Mauris sodales nulla sed adipiscing rutrum. Morbi blandit tortor id aliquam iaculis. Pellentesque mollis in metus nec viverra.\n\nVestibulum nisl massa, fringilla quis accumsan eget, ullamcorper ut velit. Donec orci massa, commodo at lacus nec, sodales fermentum ligula. Suspendisse potenti. Ut accumsan nulla et risus vulputate scelerisque. Fusce sem sem, viverra nec nisl et, aliquet mattis dui. Etiam sed pulvinar lacus. In sed orci vitae lectus aliquam pharetra. Cras leo nisl, dignissim a felis vel, placerat pharetra purus. Quisque facilisis massa sed luctus pharetra.\n\nUt nulla enim, fermentum a volutpat ut, convallis in sapien. Curabitur metus tortor, scelerisque eu interdum nec, ultrices ac purus. Vestibulum nec lectus massa. Nulla facilisi. In in vestibulum leo, ac accumsan lacus. Proin aliquet tempus turpis, id sollicitudin tortor vulputate vel. Aenean scelerisque hendrerit dui.",
        "habitat" : "Lorem ipsum dolor sit amet, consectetur adipisicing elit, sed do eiusmod tempor incididunt ut labore et dolore magna aliqua. Ut enim ad minim veniam, quis nostrud exercitation ullamco laboris nisi ut aliquip ex ea commodo consequat. Duis aute irure dolor in reprehenderit in voluptate velit esse cillum dolore eu fugiat nulla pariatur. Excepteur sint occaecat cupidatat non proident, sunt in culpa qui officia deserunt mollit anim id est laborum."
        
    }
}