{
    "delayResults" : 1,
    "results" : {
        "name" : "Marga",
        "uniqueID" : "margay",
        "shortDescription" : "Also known as the tree ocelot. They live in S. America.",
        "conservationStatus" : "Near Threatened",
        "kingdom" : "Animalia",
        "phylum" : "Chordata",
        "class" : "Mammalia",
        "order" : "Carnivora",
        "family" : "Felidae",
        "genus" : "Leopardus",
        "species" : "L. wiedii",
        "description" : "Proin ornare elit orci, sed egestas eros tempor euismod. Sed placerat sed ante non hendrerit. Quisque tincidunt risus volutpat, dictum lacus nec, mattis magna. Phasellus mattis metus eu sem mollis congue. Sed condimentum nulla nec gravida laoreet. Nulla cursus arcu tortor, eget luctus ante commodo at. Cras et purus interdum, eleifend enim nec, condimentum justo. Nunc facilisis aliquam mi vel auctor. Mauris ultrices dui vel risus rhoncus pretium. Phasellus vestibulum nunc neque. Quisque sollicitudin leo non lorem dictum aliquam. Vestibulum eget vulputate eros, at mattis dolor. Morbi facilisis odio vitae pellentesque suscipit.\n\nMauris nec gravida tellus. Morbi dolor metus, condimentum ac nulla quis, scelerisque pretium nunc. Praesent sed ultricies diam. Aliquam nisl neque, ultricies et tellus nec, ultricies accumsan arcu. Integer turpis est, suscipit a auctor at, consequat quis turpis. Sed ut nisi a magna hendrerit dignissim a vel turpis. Nulla non leo vitae turpis vulputate tempor ac eget neque. Vestibulum non dolor vulputate, porta tortor in, pretium massa.\n\nNulla et est sit amet urna pellentesque consequat. Donec iaculis ante mi, vel eleifend urna condimentum eu. Vivamus condimentum dolor nunc, ac gravida metus iaculis sed. Sed sollicitudin euismod arcu, in mollis purus luctus ac. Integer et orci vel eros blandit laoreet ut eu mauris. Pellentesque id consectetur metus. Vestibulum aliquam ut odio suscipit dignissim. Cras in scelerisque ipsum. Pellentesque habitant morbi tristique senectus et netus et malesuada fames ac turpis egestas. Etiam porta elementum diam in cursus. Maecenas non lorem eu ante pellentesque bibendum. Aenean gravida mattis turpis, quis interdum quam fringilla nec. Quisque laoreet odio libero, nec condimentum augue vestibulum ac.",
        "habitat" : "Lorem ipsum dolor sit amet, consectetur adipisicing elit, sed do eiusmod tempor incididunt ut labore et dolore magna aliqua. Ut enim ad minim veniam, quis nostrud exercitation ullamco laboris nisi ut aliquip ex ea commodo consequat. Duis aute irure dolor in reprehenderit in voluptate velit esse cillum dolore eu fugiat nulla pariatur. Excepteur sint occaecat cupidatat non proident, sunt in culpa qui officia deserunt mollit anim id est laborum."
        
    }
}