{
  "images" : [
    {
      "idiom" : "universal",
      "scale" : "1x",
      "filename" : "ratingActive.png"
    },
    {
      "idiom" : "universal",
      "scale" : "2x",
      "filename" : "ratingActive@2x.png"
    },
    {
      "heightClass" : "compact",
      "idiom" : "universal",
      "filename" : "ratingActiveCompact.png",
      "scale" : "1x"
    },
    {
      "heightClass" : "compact",
      "idiom" : "universal",
      "filename" : "ratingActiveCompact@2x.png",
      "scale" : "2x"
    }
  ],
  "info" : {
    "version" : 1,
    "author" : "xcode",
    "template-rendering-intent" : "template"
  }
}